Country,Year,GDP per capita (current US$)
Africa Eastern and Southern,2019,1508.0315245887
Africa Western and Central,2019,2219.41255534667
Arab World,2019,6683.67016877686
Caribbean small states,2019,13995.7626558947
Central Europe and the Baltics,2019,16534.9661895205
Early-demographic dividend,2019,3481.75530893525
East Asia & Pacific,2019,11677.4429355606
East Asia & Pacific (excluding high income),2019,8286.45749748666
East Asia & Pacific (IDA & IBRD countries),2019,8379.42503514668
Euro area,2019,38679.6118917933
Europe & Central Asia,2019,25045.1218961925
Europe & Central Asia (excluding high income),2019,6036.15175345642
Europe & Central Asia (IDA & IBRD countries),2019,9040.92665915657
European Union,2019,35374.1493923083
Heavily indebted poor countries (HIPC),2019,984.553372875279
High income,2019,41570.3760789982
IBRD only,2019,6474.8042775296
IDA & IBRD total,2019,5168.03480575859
IDA blend,2019,2210.55539131628
IDA only,2019,1187.14057928369
IDA total,2019,1546.57261928545
Late-demographic dividend,2019,10120.4663725773
Latin America & Caribbean,2019,8539.95940708219
Latin America & Caribbean (excluding high income),2019,8006.02224102566
Latin America & the Caribbean (IDA & IBRD countries),2019,8363.2081656376
Least developed countries: UN classification,2019,1106.28664072321
Low & middle income,2019,4857.12471542798
Low income,2019,671.117139517642
Lower middle income,2019,2116.20506959362
"Middle East, North Africa, Afghanistan & Pakistan",2019,5416.06362418233
"Middle East, North Africa, Afghanistan & Pakistan (excluding high income)",2019,2701.71325265282
"Middle East, North Africa, Afghanistan & Pakistan (IDA & IBRD)",2019,2695.09130976796
Middle income,2019,5333.00944959533
North America,2019,63306.810223782
OECD members,2019,39940.835037623
Other small states,2019,12908.1967698249
Pacific island small states,2019,4185.0758997627
Post-demographic dividend,2019,46125.7453007656
Pre-demographic dividend,2019,1682.64777483043
Small states,2019,11997.3036529705
South Asia,2019,2067.05975680251
South Asia (IDA & IBRD),2019,2067.05975680251
Sub-Saharan Africa,2019,1797.04121765415
Sub-Saharan Africa (excluding high income),2019,1795.55378673641
Sub-Saharan Africa (IDA & IBRD countries),2019,1797.04121765415
Upper middle income,2019,8244.30681174043
World,2019,11417.5958587724
Afghanistan,2019,496.6025042585
Albania,2019,6069.43903131027
Algeria,2019,4468.45341883656
American Samoa,2019,12886.1359517218
Andorra,2019,41257.8045861543
Angola,2019,2507.86807213642
Antigua and Barbuda,2019,18896.3721832248
Argentina,2019,9955.97478680428
Armenia,2019,4597.22887399548
Aruba,2019,30654.4851235397
Australia,2019,55194.7585097428
Austria,2019,49885.9947355204
Azerbaijan,2019,4805.75371765917
"Bahamas, The",2019,33640.3369861278
Bahrain,2019,27259.7438599327
Bangladesh,2019,2129.79896954606
Barbados,2019,21929.435611489
Belarus,2019,6837.77339645635
Belgium,2019,46716.6227467964
Belize,2019,6171.61449761423
Benin,2019,1130.82135339795
Bermuda,2019,115798.040775578
Bhutan,2019,3576.87987100503
Bolivia,2019,4203.15492855788
Bosnia and Herzegovina,2019,6122.37541352353
Botswana,2019,7172.08956480028
Brazil,2019,9029.83326681073
Brunei Darussalam,2019,30426.5730656528
Bulgaria,2019,10354.2500414088
Burkina Faso,2019,764.853077774946
Burundi,2019,234.31061590725
Cabo Verde,2019,4380.78117331128
Cambodia,2019,2225.87705485686
Cameroon,2019,1555.22660476477
Canada,2019,46352.9695208927
Cayman Islands,2019,88254.2903677044
Central African Republic,2019,449.228467602439
Chad,2019,893.336441643325
Channel Islands,2019,60564.6293993681
Chile,2019,14496.9345640362
China,2019,10342.9009524335
Colombia,2019,6472.54544924705
Comoros,2019,1519.26386436068
"Congo, Dem. Rep.",2019,504.00419142286
"Congo, Rep.",2019,2488.42466724916
Costa Rica,2019,12951.8588421841
Cote d'Ivoire,2019,2141.76836170115
Croatia,2019,15563.7354996625
Cuba,2019,9232.26115935183
Curacao,2019,19220.6866958303
Cyprus,2019,29227.16796875
Czechia,2019,24062.7190013343
Denmark,2019,59404.2663247723
Djibouti,2019,2837.16902340932
Dominica,2019,9491.14995962374
Dominican Republic,2019,8183.01623600375
Ecuador,2019,6205.05765246766
"Egypt, Arab Rep.",2019,2962.98892023003
El Salvador,2019,4320.11671534627
Equatorial Guinea,2019,6804.14923073888
Estonia,2019,24021.2501413306
Eswatini,2019,3913.14577547336
Ethiopia,2019,793.473247218996
Faroe Islands,2019,63070.7228080361
Fiji,2019,5842.07344577597
Finland,2019,48358.1807773701
France,2019,40408.2848574751
French Polynesia,2019,21582.5892046801
Gabon,2019,7441.1786472281
"Gambia, The",2019,738.186751987483
Georgia,2019,4741.2832715876
Germany,2019,47656.199739747
Ghana,2019,2186.65822682613
Greece,2019,19335.3602002969
Greenland,2019,53309.2035905065
Grenada,2019,10462.7929159533
Guam,2019,39274.9431424899
Guatemala,2019,4511.99839552697
Guinea,2019,1031.34146480732
Guinea-Bissau,2019,811.210004050041
Guyana,2019,6405.82443444562
Haiti,2019,1352.17204191532
Honduras,2019,2502.32744328073
"Hong Kong SAR, China",2019,48359.0011950597
Hungary,2019,17012.8598553199
Iceland,2019,69296.3144361601
India,2019,2041.42863698585
Indonesia,2019,4106.94856160358
"Iran, Islamic Rep.",2019,3997.4935449585
Iraq,2019,5671.8568632942
Ireland,2019,81827.6688873996
Isle of Man,2019,87127.5517977404
Israel,2019,44091.8678022544
Italy,2019,33812.788724868
Jamaica,2019,6030.68896415921
Japan,2019,41424.8655601543
Jordan,2019,4557.79334729121
Kazakhstan,2019,9457.12614657136
Kenya,2019,1960.40808854893
Kiribati,2019,1750.24040333237
"Korea, Rep.",2019,33826.9443301597
Kosovo,2019,4415.6992744623
Kuwait,2019,31707.8737443551
Kyrgyz Republic,2019,1421.99927504102
Lao PDR,2019,2589.32081035237
Latvia,2019,17294.9751600969
Lebanon,2019,8905.88005497437
Lesotho,2019,1082.05706777516
Liberia,2019,658.164180770507
Libya,2019,9963.19489084483
Liechtenstein,2019,166907.839305016
Lithuania,2019,19608.7943945553
Luxembourg,2019,112696.649059674
"Macao SAR, China",2019,81882.6964523869
Madagascar,2019,499.818837622534
Malawi,2019,580.889139762475
Malaysia,2019,10920.191763972
Maldives,2019,11740.2724029785
Mali,2019,971.949318638092
Malta,2019,32421.9087471186
Marshall Islands,2019,5292.33985502306
Mauritania,2019,1767.072710621
Mauritius,2019,11568.2533399824
Mexico,2019,10369.5553593527
"Micronesia, Fed. Sts.",2019,3581.72684572278
Moldova,2019,4405.33418162155
Monaco,2019,193746.729890885
Mongolia,2019,4347.54610314873
Montenegro,2019,8749.25629734676
Morocco,2019,3508.09765625
Mozambique,2019,519.09255091362
Myanmar,2019,1425.98954211903
Namibia,2019,4731.9210318831
Naoero,2019,10801.7705659635
Nepal,2019,1203.14294706401
Netherlands,2019,53554.9007491475
New Caledonia,2019,33411.3358835672
New Zealand,2019,42872.2681243427
Nicaragua,2019,1958.62051528095
Niger,2019,541.265819870273
Nigeria,2019,3189.81286496183
North Macedonia,2019,6718.85826635458
Northern Mariana Islands,2019,24496.6652122421
Norway,2019,79329.3075190012
Oman,2019,19180.1864152801
Pakistan,2019,1390.41690981745
Palau,2019,15841.8923474548
Panama,2019,16477.9066285687
Papua New Guinea,2019,2575.77274140393
Paraguay,2019,5821.18199548637
Peru,2019,7037.00803692604
Philippines,2019,3400.78949767074
Poland,2019,15874.5220531254
Portugal,2019,23343.3628970034
Puerto Rico (US),2019,31830.5284993358
Qatar,2019,66841.3013484919
Romania,2019,12909.6104013244
Russian Federation,2019,11447.701171875
Rwanda,2019,823.355304065304
Samoa,2019,4351.94234943706
San Marino,2019,46626.9998571568
Sao Tome and Principe,2019,1935.2931816596
Saudi Arabia,2019,29566.7933827436
Senegal,2019,1431.18128932159
Serbia,2019,7755.632986437
Seychelles,2019,19141.5118743615
Sierra Leone,2019,843.71251730417
Singapore,2019,66068.7003106378
Sint Maarten (Dutch part),2019,34861.469528968
Slovak Republic,2019,19406.0589683582
Slovenia,2019,25814.1687167572
Solomon Islands,2019,2223.65890942466
"Somalia, Fed. Rep.",2019,539.954816211694
South Africa,2019,6533.71121032856
Spain,2019,29786.5245689007
Sri Lanka,2019,4081.94772178134
St. Kitts and Nevis,2019,23595.4923231291
St. Lucia,2019,11764.3944032403
St. Martin (French part),2019,19033.0649634889
St. Vincent and the Grenadines,2019,8740.59425232061
Sudan,2019,709.975280761719
Suriname,2019,6629.66775248603
Sweden,2019,51648.9892820514
Switzerland,2019,85872.9702303454
Syrian Arab Republic,2019,1109.53933821464
Tajikistan,2019,871.022372934846
Tanzania,2019,1063.32250976563
Thailand,2019,7605.69657797759
Timor-Leste,2019,1562.36458881813
Togo,2019,917.718016777619
Tonga,2019,4788.83350468584
Trinidad and Tobago,2019,17212.6128892163
Tunisia,2019,3528.87213306798
Turkiye,2019,9395.23378001368
Turkmenistan,2019,4365.1152919542
Turks and Caicos Islands,2019,31780.5217068989
Tuvalu,2019,5058.85266607659
Uganda,2019,822.171150036357
Ukraine,2019,3619.86157226563
United Arab Emirates,2019,45938.6084572227
United Kingdom,2019,43160.6843971799
United States,2019,65227.9565911038
Uruguay,2019,18315.7350377437
Uzbekistan,2019,2128.66067138334
Vanuatu,2019,3635.62344878185
"Venezuela, RB",2019,2523.11527549578
Viet Nam,2019,3440.90025375434
Virgin Islands (U.S.),2019,38633.5298915336
West Bank and Gaza,2019,3656.85827137011
Zambia,2019,1258.98619844462
Zimbabwe,2019,2184.52155388801
